<!--
=============================================================================
 Steinberg Module Architecture SDK
 Version 1.0    Date : 01/2004

 Project      : Sample Plug-In using VSTGUI
 Filename     : vstguisample.xml
 Created by   : Matthias Juwan
 Description  : Editor XML Code

=============================================================================
 LICENSE
 � 2004, Steinberg Media Technologies, All Rights Reserved
=============================================================================
 Redistribution and use in source and binary forms, with or without modification,
 are permitted provided that the following conditions are met:

   * Redistributions of source code must retain the above copyright notice,
     this list of conditions and the following disclaimer.
   * Redistributions in binary form must reproduce the above copyright notice,
     this list of conditions and the following disclaimer in the documentation
     and/or other materials provided with the distribution.
   * Neither the name of the Steinberg Media Technologies nor the names of its
     contributors may be used to endorse or promote products derived from this
     software without specific prior written permission.

 THIS SOFTWARE IS PROVIDED BY THE COPYRIGHT HOLDERS AND CONTRIBUTORS "AS IS" AND
 ANY EXPRESS OR IMPLIED WARRANTIES, INCLUDING, BUT NOT LIMITED TO, THE IMPLIED
 WARRANTIES OF MERCHANTABILITY AND FITNESS FOR A  PARTICULAR PURPOSE ARE DISCLAIMED.
 IN NO EVENT SHALL THE COPYRIGHT OWNER OR CONTRIBUTORS BE LIABLE FOR ANY DIRECT,
 INDIRECT, INCIDENTAL, SPECIAL, EXEMPLARY, OR CONSEQUENTIAL DAMAGES (INCLUDING,
 BUT NOT LIMITED TO, PROCUREMENT OF SUBSTITUTE GOODS OR SERVICES; LOSS OF USE,
 DATA, OR PROFITS; OR BUSINESS INTERRUPTION) HOWEVER CAUSED AND ON ANY THEORY OF
 LIABILITY, WHETHER IN CONTRACT, STRICT LIABILITY, OR TORT (INCLUDING NEGLIGENCE
 OR OTHERWISE) ARISING IN ANY WAY OUT OF THE USE  OF THIS SOFTWARE, EVEN IF ADVISED
 OF THE POSSIBILITY OF SUCH DAMAGE.
=============================================================================
-->

<skin>
	<!--
		Windows: Resources must be included as RC_DATA (not BITMAP!),
		the 'path' attribute is an integer resource identifier.
	-->
	<resources>
		<bitmap name="bmHeaderPanel" path="1001"/>
	</resources>

	<template name="editor">
		<!-- background for preset view -->
		<image size="0,0,300,25" bitmap="bmHeaderPanel"/>

		<!-- the preset view is created by the host application: -->
		<view name="host.PresetViewHorizontalSmallNewer" data="Preset" size="50,2,140,20"/>
		
		<!-- our editor created with VSTGUI -->
		<view name="VSTGUIEditor" size="0,25,300,100"/>
	</template>
</skin>
